PERSON,TIMES_OF_OCCURANCE
"Trump, Donald J",549
"Obama, Barack",39
"Trump, Melania",35
"Trump, Ivanka",34
"Clinton, Hillary Rodham",18
"Putin, Vladimir V",16
"Curiel, Gonzalo P",12
"Trump, Eric F (1984- )",10
"Schneiderman, Eric T",9
"Trump, Donald J Jr",7
"de Blasio, Bill",7
"Netanyahu, Benjamin",7
"Pruitt, Scott",6
"Baldwin, Alec",5
"Perry, Rick",5
"Icahn, Carl C",4
"Tillerson, Rex W",4
"Kerry, John",4
"Conway, Kellyanne",3
"Mulvaney, Mick",3
Xi Jinping,3
"Christie, Christopher J",3
"Gore, Al",3
"Bondi, Pamela J",3
"Nixon, Richard Milhous",3
"Price, Thomas E (1954- )",3
"Sellars, Peter",2
"Mozart, Wolfgang Amadeus",2
"Lewandowski, Corey (1975- )",2
"Abe, Shinzo",2
"Johnston, David Cay",2
"Trudeau, Garry",2
"Singer, Mark (1950- )",2
"Fisher, Marc (1958- )",2
"Kranish, Michael",2
"Handler, Chelsea",2
"Sanders, Bernard",2
"West, Kanye",2
"Schwartz, Tony (1952- )",2
"Chu, Steven",2
"Son, Masayoshi",2
"Stallone, Sylvester",2
"Kudlow, Lawrence A",2
"Sessions, Jefferson B III",2
"Yiannopoulos, Milo",2
"Friedman, David M",2
"Berlusconi, Silvio",2
"Ryan, Paul D Jr",2
"Pence, Mike",2
"Novanto, Setya",2
